1,net.sourceforge.ganttproject.chart.GraphicPrimitiveContainer
2,net.sourceforge.ganttproject.GanttPreviousState
3,net.sourceforge.ganttproject.chart.TaskRendererImpl
4,net.sourceforge.ganttproject.GanttProject
5,net.sourceforge.ganttproject.TaskContainmentHierarchyFacadeImpl
6,net.sourceforge.ganttproject.GanttOptions
7,net.sourceforge.ganttproject.chart.ChartModelImpl
8,net.sourceforge.ganttproject.chart.ChartHeaderImpl
9,net.sourceforge.ganttproject.GanttResourcePanel
10,net.sourceforge.ganttproject.GanttTree2
11,net.sourceforge.ganttproject.chart.SimpleRenderedImage
12,net.sourceforge.ganttproject.ResourceTreeTable
13,net.sourceforge.ganttproject.chart.BottomUnitLineRendererImpl
14,net.sourceforge.ganttproject.ResourceChartTabContentPanel
15,net.sourceforge.ganttproject.GanttProject.ExportFileInfo
16,net.sourceforge.ganttproject.GanttChartTabContentPanel
17,net.sourceforge.ganttproject.ResourceTreeTableModel
18,net.sourceforge.ganttproject.chart.DependencyInteractionRenderer
19,net.sourceforge.ganttproject.chart.ChartViewState
20,net.sourceforge.ganttproject.ResourceLoadGraphicArea
21,net.sourceforge.ganttproject.calendar.WeekendCalendarImpl
22,net.sourceforge.ganttproject.GanttTreeTableModel
23,net.sourceforge.ganttproject.chart.ChartUIConfiguration
24,net.sourceforge.ganttproject.action.GPAction
25,net.sourceforge.ganttproject.GanttTaskRelationship
26,net.sourceforge.ganttproject.chart.ChartModelResource
27,net.sourceforge.ganttproject.ChartComponentBase
28,net.sourceforge.ganttproject.calendar.XMLCalendarOpen
29,net.sourceforge.ganttproject.GanttCalendar
30,net.sourceforge.ganttproject.action.resource.ResourcePropertiesAction
31,net.sourceforge.ganttproject.action.ResourceActionSet
32,net.sourceforge.ganttproject.GanttPreviousStateTask
33,net.sourceforge.ganttproject.chart.ResourceLoadRenderer
34,net.sourceforge.ganttproject.chart.CachingOffsetCalculatorImpl
35,net.sourceforge.ganttproject.GanttProjectBase.GPViewImpl
36,net.sourceforge.ganttproject.GanttProjectBase.ViewManagerImpl
37,net.sourceforge.ganttproject.GanttTreeTable
38,net.sourceforge.ganttproject.GanttGraphicArea.ChartOptionsPreviewPanel.Taskar
39,net.sourceforge.ganttproject.ChartComponentBase.AbstractChartImplementation
40,net.sourceforge.ganttproject.GanttGraphicArea
41,net.sourceforge.ganttproject.chart.GraphicPrimitiveContainer.Text
42,net.sourceforge.ganttproject.GPTreeTableBase
43,net.sourceforge.ganttproject.calendar.GanttDaysOff
44,net.sourceforge.ganttproject.chart.ChartModelBase
45,net.sourceforge.ganttproject.gui.options.CSVSettingsPanel
46,net.sourceforge.ganttproject.gui.options.LnFSettingsPanel
47,net.sourceforge.ganttproject.task.TaskImpl
48,net.sourceforge.ganttproject.task.TaskManagerImpl
49,net.sourceforge.ganttproject.gui.GanttTaskPropertiesBean
50,net.sourceforge.ganttproject.resource.HumanResourceManager
