com.aelitis.azureus.core.clientmessageservice.impl.ClientConnection;
com.aelitis.azureus.core.dht.control.impl.DHTControlImpl;
com.aelitis.azureus.core.dht.db.impl.DHTDBMapping;
com.aelitis.azureus.core.dht.nat.impl.DHTNATPuncherImpl;
com.aelitis.azureus.core.dht.router.impl.DHTRouterNodeImpl;
com.aelitis.azureus.core.dht.router.impl.Test;
com.aelitis.azureus.core.dht.transport.util.DHTTransportStatsImpl;
com.aelitis.azureus.core.diskmanager.file.impl.FMFileAccessCompact;
com.aelitis.azureus.core.networkmanager.NetworkManager;
com.aelitis.azureus.core.networkmanager.VirtualChannelSelector;
com.aelitis.azureus.core.networkmanager.impl.ConnectDisconnectManager;
com.aelitis.azureus.core.networkmanager.impl.MultiPeerUploader;
com.aelitis.azureus.core.networkmanager.impl.ProxyLoginHandler;
com.aelitis.azureus.core.networkmanager.impl.TCPTransportHelper;
com.aelitis.azureus.core.networkmanager.impl.TCPTransportImpl;
com.aelitis.azureus.core.networkmanager.impl.VirtualChannelSelectorImpl;
com.aelitis.azureus.core.peermanager.peerdb.PeerDatabase;
com.aelitis.azureus.core.proxy.socks.impl.AESocksProxyConnectionImpl;
com.aelitis.azureus.core.proxy.socks.impl.AESocksProxyPlugableConnectionDefault;
com.aelitis.azureus.plugins.dht.impl.DHTPluginStorageManager;
com.aelitis.azureus.plugins.jpc.cache.impl.JPCCacheMultiplexer;
com.aelitis.azureus.plugins.startstoprules.defaultplugin.StartStopRulesDefaultPlugin;
com.aelitis.net.udp.impl.PRUDPPacketHandlerImpl;
com.aelitis.net.udp.impl.PRUDPPacketHandlerRequestImpl;
org.bouncycastle.asn1.pkcs.Attribute;
org.bouncycastle.asn1.pkcs.ContentInfo;
org.bouncycastle.asn1.pkcs.SignedData;
org.bouncycastle.asn1.pkcs.SignerInfo;
org.bouncycastle.asn1.util.ASN1Dump;
org.bouncycastle.asn1.x509.AlgorithmIdentifier;
org.bouncycastle.asn1.x509.GeneralSubtree;
org.bouncycastle.asn1.x509.SubjectKeyIdentifier;
org.bouncycastle.asn1.x509.SubjectPublicKeyInfo;
org.bouncycastle.asn1.x509.X509Name;
org.bouncycastle.crypto.encodings.ISO9796d1Encoding;
org.bouncycastle.crypto.encodings.OAEPEncoding;
org.bouncycastle.jce.PKCS7SignedData;
org.bouncycastle.jce.X509V1CertificateGenerator;
org.bouncycastle.jce.X509V3CertificateGenerator;
org.bouncycastle.jce.provider.JCERSAPublicKey;
org.bouncycastle.jce.provider.JDKDigestSignature;
org.bouncycastle.jce.provider.JDKX509CertificateFactory;
org.bouncycastle.jce.provider.X509CRLEntryObject;
org.bouncycastle.jce.provider.X509CRLObject;
org.bouncycastle.jce.provider.X509CertificateObject;
org.bouncycastle.util.encoders.Base64;
org.gudy.azureus2.core3.category.impl.CategoryManagerImpl;
org.gudy.azureus2.core3.disk.impl.access.impl.Test;
org.gudy.azureus2.core3.disk.impl.piecepicker.impl.DMPiecePickerImpl;
org.gudy.azureus2.core3.disk.impl.resume.RDResumeHandler;
org.gudy.azureus2.core3.download.impl.DownloadManagerImpl;
org.gudy.azureus2.core3.global.impl.GlobalManagerImpl;
org.gudy.azureus2.core3.logging.impl.LGLoggerImpl;
org.gudy.azureus2.core3.peer.impl.control.PEPeerControlImpl;
org.gudy.azureus2.core3.peer.impl.transport.PEPeerTransportProtocol;
org.gudy.azureus2.core3.torrent.impl.TOTorrentImpl;
org.gudy.azureus2.core3.tracker.client.impl.bt.TrackerStatus;
org.gudy.azureus2.core3.tracker.server.impl.TRTrackerServerPeerImpl;
org.gudy.azureus2.core3.tracker.util.impl.TRTrackerUtilsImpl;
org.gudy.azureus2.core3.util.AETemporaryFileHandler;
org.gudy.azureus2.core3.util.BDecoder;
org.gudy.azureus2.core3.util.DirectByteBufferPool;
org.gudy.azureus2.core3.util.DisplayFormatters;
org.gudy.azureus2.core3.util.ListenerManager;
org.gudy.azureus2.core3.util.TorrentUtils;
org.gudy.azureus2.pluginsimpl.local.PluginInterfaceImpl;
org.gudy.azureus2.pluginsimpl.local.clientid.ClientIDManagerImpl;
org.gudy.azureus2.pluginsimpl.local.download.DownloadImpl;
org.gudy.azureus2.pluginsimpl.local.messaging.MessageAdapter;
org.gudy.azureus2.pluginsimpl.local.sharing.ShareItemImpl;
org.gudy.azureus2.pluginsimpl.local.sharing.ShareResourceDirContentsImpl;
org.gudy.azureus2.pluginsimpl.local.sharing.ShareResourceImpl;
org.gudy.azureus2.pluginsimpl.local.tracker.TrackerWebPageResponseImpl;
org.gudy.azureus2.pluginsimpl.local.utils.resourcedownloader.ResourceDownloaderBaseImpl;
org.gudy.azureus2.pluginsimpl.remote.RPObject;
org.gudy.azureus2.ui.common.ExternalUIConst;
org.gudy.azureus2.ui.swt.exporttorrent.wizard.ExportTorrentWizardOutputPanel;
org.gudy.azureus2.ui.swt.mainwindow.Initializer;
org.gudy.azureus2.ui.swt.mainwindow.MainMenu;
org.gudy.azureus2.ui.swt.mainwindow.MainWindow;
org.gudy.azureus2.ui.swt.mainwindow.TorrentOpener;
org.gudy.azureus2.ui.swt.maketorrent.ModePanel;
org.gudy.azureus2.ui.swt.maketorrent.MultiTrackerPanel;
org.gudy.azureus2.ui.swt.pluginsimpl.UISWTInstanceImpl;
org.gudy.azureus2.ui.swt.views.MyTorrentsView;
org.gudy.azureus2.ui.swt.views.TableView;
org.gudy.azureus2.ui.swt.views.table.impl.TableRowImpl;
org.gudy.azureus2.ui.swt.views.table.utils.TableSorter;
org.pf.file.FileLocator;
org.pf.text.StringPattern;
org.pf.text.StringUtil;
